title,abstract
Deep Learning in Healthcare,Deep learning is widely used in medical imaging and diagnosis.
Natural Language Processing,NLP is used in chatbots translation and text analysis.
AI in Finance,Artificial intelligence helps in fraud detection and stock prediction.
Machine Learning Basics,Machine learning allows systems to learn from data automatically.
Computer Vision Applications,Computer vision is used in image recognition and self driving cars.
Data Mining Techniques,Data mining extracts useful patterns from large datasets.
Recommender Systems,Recommender systems suggest items based on user preferences.
Speech Recognition Systems,Speech recognition converts voice into text using AI.
Cybersecurity with AI,AI is used to detect threats and prevent cyber attacks.
Big Data Analytics,Big data technologies process large scale data efficiently.